epoch,learning_rate,loss,mae,mape,root_mean_squared_error,val_loss,val_mae,val_mape,val_root_mean_squared_error
0,0.10000000149011612,62.66472625732422,0.0633978471159935,8951.2802734375,0.2519243061542511,0.02075362391769886,0.010641314089298248,2.9523844718933105,0.024075694382190704
1,0.10000000149011612,64.81897735595703,0.026555998250842094,9259.7900390625,0.05629618838429451,0.028503963723778725,0.01518750935792923,4.057361602783203,0.02613409049808979
2,0.10000000149011612,61.11903381347656,0.023097999393939972,8731.2333984375,0.05098031833767891,1.9082385301589966,0.9891049861907959,251.26727294921875,1.0474882125854492
3,0.10000000149011612,62.39122772216797,0.025193380191922188,8912.9638671875,0.05655374750494957,10.294132232666016,5.039321422576904,1275.8653564453125,5.728120803833008
4,0.10000000149011612,59.1951904296875,0.042068786919116974,8456.28515625,0.09044948220252991,0.03150808438658714,0.016363676637411118,4.486384868621826,0.026255253702402115
